id,topic
1,sports
2,sports
3,sports
4,sports
5,sports
6,sports
7,sports
8,sports
9,sports
10,sports
11,sports
12,sports
13,sports
14,health
15,sports
16,sports
17,sports
18,sports
19,sports
20,culture
21,sports
22,sports
23,sports
24,sports
25,politics
26,sports
27,sports
28,sports
29,sports
30,sports
31,sports
32,sports
33,sports
34,sports
35,sports
36,sports
37,sports
38,sports
39,sports
40,sports
41,sports
42,sports
43,politics
44,sports
45,sports
46,sports
47,sports
48,sports
49,sports
50,sports
51,sports
52,sports
53,sports
54,sports
55,sports
56,sports
57,sports
58,sports
59,sports
60,sports
61,sports
62,sports
63,sports
64,politics
65,sports
66,sports
67,sports
68,sports
69,health
70,sports
71,culture
72,sports
73,sports
74,sports
75,economy
76,sports
77,sports
78,sports
79,sports
80,sports
81,economy
82,sports
83,sports
84,economy
85,sports
86,sports
87,sports
88,sports
89,sports
90,sports
91,sports
92,sports
93,economy
94,sports
95,sports
96,sports
97,sports
98,sports
99,politics
100,sports
101,sports
102,sports
103,sports
104,sports
105,sports
106,sports
107,sports
108,sports
109,sports
110,sports
111,sports
112,sports
113,sports
114,sports
115,sports
116,sports
117,sports
118,sports
119,sports
120,sports
121,sports
122,sports
123,sports
124,sports
125,sports
126,sports
127,sports
128,sports
129,sports
130,sports
131,sports
132,sports
133,sports
134,sports
135,sports
136,sports
137,sports
138,sports
139,sports
140,sports
141,sports
142,sports
143,economy
144,sports
145,sports
146,sports
147,sports
148,sports
149,sports
150,sports
151,sports
152,sports
153,sports
154,sports
155,sports
156,sports
157,sports
158,sports
159,sports
160,sports
161,sports
162,sports
163,sports
164,sports
165,sports
166,sports
167,sports
168,sports
169,sports
170,sports
171,sports
172,sports
173,sports
174,sports
175,sports
176,sports
177,sports
178,sports
179,sports
180,sports
181,sports
182,sports
183,sports
184,sports
185,sports
186,sports
187,sports
188,sports
189,sports
190,sports
191,sports
192,sports
193,sports
194,sports
195,economy
196,sports
197,sports
198,sports
199,sports
200,sports
201,sports
202,sports
203,sports
204,sports
205,sports
206,sports
207,sports
208,sports
209,sports
210,sports
211,sports
212,sports
213,sports
214,sports
215,sports
216,politics
217,sports
218,sports
219,sports
220,sports
221,sports
222,sports
223,sports
224,sports
225,sports
226,sports
227,sports
228,sports
229,sports
230,sports
231,sports
232,sports
233,sports
234,sports
235,sports
236,sports
237,sports
238,sports
239,sports
240,sports
241,sports
242,sports
243,sports
244,sports
245,sports
246,sports
247,sports
248,sports
249,sports
250,sports
251,sports
252,sports
253,sports
254,sports
255,sports
256,sports
257,sports
258,sports
259,sports
260,sports
261,sports
262,sports
263,sports
264,sports
265,sports
266,sports
267,sports
268,sports
269,sports
270,sports
271,sports
272,sports
273,sports
274,sports
275,sports
276,sports
277,sports
278,sports
279,sports
280,sports
281,sports
282,sports
283,sports
284,sports
285,sports
286,sports
287,sports
288,sports
289,sports
290,sports
291,sports
292,sports
293,sports
294,sports
295,sports
296,sports
297,sports
298,sports
299,sports
300,sports
301,sports
302,sports
303,sports
304,sports
305,sports
306,sports
307,sports
308,sports
309,sports
310,sports
311,culture
312,sports
313,sports
314,sports
315,sports
316,sports
317,sports
318,sports
319,sports
320,sports
321,sports
322,sports
323,sports
324,sports
325,sports
326,sports
327,sports
328,sports
329,sports
330,sports
331,sports
332,sports
333,sports
334,sports
335,sports
336,sports
337,sports
338,sports
339,sports
340,sports
341,sports
342,sports
343,sports
344,sports
345,sports
346,sports
347,sports
348,politics
349,sports
350,sports
351,sports
352,sports
353,sports
354,sports
355,sports
356,sports
357,sports
358,sports
359,sports
360,sports
361,sports
362,sports
363,sports
364,sports
365,sports
366,sports
367,sports
368,sports
369,sports
370,sports
371,sports
372,sports
373,sports
374,sports
375,sports
376,culture
377,sports
378,sports
379,health
380,sports
381,sports
382,sports
383,sports
384,sports
385,sports
386,sports
387,sports
388,sports
389,sports
390,sports
391,sports
392,sports
393,sports
394,sports
395,sports
396,sports
397,sports
398,sports
399,sports
400,sports
401,politics
402,politics
403,sports
404,sports
405,sports
406,sports
407,culture
408,culture
409,sports
410,sports
411,sports
412,sports
413,sports
414,sports
415,sports
416,sports
417,sports
418,sports
419,sports
420,sports
421,sports
422,health
423,sports
424,sports
425,sports
426,politics
427,culture
428,sports
429,sports
430,sports
431,politics
432,sports
433,politics
434,sports
435,sports
436,sports
437,sports
438,sports
439,sports
440,sports
441,sports
442,politics
443,sports
444,sports
445,sports
446,sports
447,sports
448,sports
449,sports
450,sports
451,sports
452,sports
453,sports
454,sports
455,sports
456,sports
457,politics
458,sports
459,sports
460,sports
461,sports
462,sports
463,sports
464,sports
465,sports
466,sports
467,sports
468,sports
469,sports
470,sports
471,sports
472,sports
473,sports
474,sports
475,sports
476,sports
477,sports
478,sports
479,sports
480,sports
481,sports
482,sports
483,sports
484,sports
485,sports
486,sports
487,sports
488,sports
489,sports
490,sports
491,sports
492,sports
493,sports
494,sports
495,sports
496,sports
497,sports
498,sports
499,sports
500,sports
501,sports
502,sports
503,sports
504,sports
505,culture
506,sports
507,sports
508,sports
509,sports
510,sports
511,sports
512,sports
513,sports
514,sports
515,sports
516,sports
517,sports
518,sports
519,sports
520,sports
521,sports
522,sports
523,sports
524,sports
525,sports
526,sports
527,sports
528,sports
529,sports
530,sports
531,sports
532,politics
533,sports
534,sports
535,sports
536,sports
537,sports
538,sports
539,sports
540,sports
541,sports
542,sports
543,sports
544,sports
545,sports
546,sports
547,sports
548,sports
549,sports
550,sports
551,sports
552,sports
553,sports
554,culture
555,sports
556,sports
557,sports
558,sports
559,sports
560,sports
561,sports
562,sports
563,sports
564,sports
565,politics
566,sports
567,sports
568,sports
569,sports
570,sports
571,sports
572,sports
573,sports
574,sports
575,sports
576,sports
577,sports
578,sports
579,sports
580,sports
581,sports
582,sports
583,sports
584,sports
585,sports
586,sports
587,sports
588,sports
589,sports
590,sports
591,sports
592,sports
593,sports
594,sports
595,sports
596,sports
597,sports
598,sports
599,politics
600,sports
601,sports
602,sports
603,sports
604,sports
605,sports
606,sports
607,sports
608,sports
609,sports
610,sports
611,sports
612,sports
613,sports
614,sports
615,sports
616,sports
617,sports
618,sports
619,sports
620,sports
621,sports
622,sports
623,sports
624,sports
625,sports
626,sports
627,sports
628,sports
629,culture
630,sports
631,sports
632,sports
633,sports
634,sports
635,sports
636,sports
637,sports
638,sports
639,sports
640,sports
641,sports
642,culture
643,sports
644,sports
645,health
646,sports
647,sports
648,sports
649,sports
650,sports
651,sports
652,sports
653,sports
654,sports
655,sports
656,sports
657,sports
658,sports
659,sports
660,sports
661,sports
662,sports
663,sports
664,sports
665,sports
666,sports
667,sports
668,sports
669,sports
670,sports
671,sports
672,sports
673,sports
674,sports
675,sports
676,sports
677,sports
678,culture
679,sports
680,sports
681,sports
682,sports
683,sports
684,sports
685,sports
686,sports
687,sports
688,sports
689,sports
690,sports
691,sports
692,sports
693,sports
694,sports
695,sports
696,sports
697,sports
698,sports
699,sports
700,sports
701,sports
702,sports
703,sports
704,sports
705,sports
706,sports
707,sports
708,sports
709,sports
710,sports
711,sports
712,sports
713,sports
714,sports
715,sports
716,sports
717,sports
718,politics
719,culture
720,sports
721,sports
722,sports
723,sports
724,sports
725,sports
726,sports
727,sports
728,sports
729,sports
730,sports
731,sports
732,sports
733,sports
734,sports
735,sports
736,politics
737,sports
738,sports
739,sports
740,sports
741,sports
742,sports
743,sports
744,sports
745,sports
746,sports
747,sports
748,sports
749,sports
750,sports
751,sports
752,sports
753,politics
754,sports
755,sports
756,sports
757,sports
758,sports
759,sports
760,sports
761,sports
762,sports
763,sports
764,sports
765,sports
766,sports
767,sports
768,sports
769,sports
770,culture
771,sports
772,sports
773,sports
774,sports
775,sports
776,sports
777,sports
778,sports
779,sports
780,sports
781,health
782,sports
783,sports
784,sports
785,sports
786,sports
787,sports
788,sports
789,sports
790,sports
791,sports
792,sports
793,sports
794,sports
795,sports
796,sports
797,sports
798,sports
799,sports
800,sports
801,sports
802,sports
803,sports
804,sports
805,sports
806,sports
807,sports
808,sports
809,sports
810,sports
811,sports
812,sports
813,sports
814,sports
815,sports
816,sports
817,sports
818,sports
819,sports
820,sports
821,sports
822,sports
823,sports
824,sports
825,sports
826,sports
827,sports
828,sports
829,sports
830,sports
831,sports
832,sports
833,economy
834,sports
835,sports
836,sports
837,sports
838,sports
839,sports
840,sports
841,sports
842,sports
843,sports
844,sports
845,sports
846,sports
847,sports
848,sports
849,sports
850,sports
851,sports
852,sports
853,sports
854,sports
855,sports
856,sports
857,sports
858,sports
859,sports
860,sports
861,sports
862,sports
863,sports
864,sports
865,sports
866,sports
867,none
868,sports
869,sports
870,sports
871,sports
872,sports
873,sports
874,sports
875,sports
876,sports
877,sports
878,sports
879,sports
880,sports
881,sports
882,sports
883,sports
884,sports
885,sports
886,sports
887,sports
888,sports
889,sports
890,sports
891,sports
892,sports
893,sports
894,sports
895,sports
896,sports
897,sports
898,sports
899,sports
900,sports
901,sports
902,sports
903,culture
904,sports
905,sports
906,sports
907,sports
908,sports
909,sports
910,sports
911,sports
912,sports
913,sports
914,sports
915,sports
916,sports
917,sports
918,sports
919,sports
920,sports
921,sports
922,sports
923,sports
924,sports
925,sports
926,sports
927,sports
928,sports
929,sports
930,economy
931,sports
932,sports
933,sports
934,sports
935,sports
936,sports
937,sports
938,sports
939,sports
940,sports
941,sports
942,sports
943,sports
944,sports
945,sports
946,sports
947,sports
948,sports
949,sports
950,sports
951,sports
952,sports
953,sports
954,sports
955,sports
956,sports
957,sports
958,sports
959,sports
960,sports
961,sports
962,sports
963,sports
964,sports
965,sports
966,sports
967,sports
968,sports
969,sports
970,sports
971,sports
972,sports
973,sports
974,sports
975,sports
976,sports
977,sports
978,sports
979,sports
980,sports
981,sports
982,sports
983,sports
984,sports
985,sports
986,sports
987,sports
988,sports
989,sports
990,sports
991,sports
992,sports
993,sports
994,sports
995,sports
996,sports
997,sports
998,sports
999,sports
1000,sports
1001,sports
1002,sports
1003,sports
1004,sports
1005,sports
1006,sports
1007,sports
1008,sports
1009,sports
1010,sports
1011,sports
1012,sports
1013,sports
1014,sports
1015,sports
1016,sports
1017,sports
1018,sports
1019,sports
1020,sports
1021,sports
1022,sports
1023,sports
1024,sports
1025,sports
1026,sports
1027,sports
1028,sports
1029,sports
1030,sports
1031,sports
1032,sports
1033,sports
1034,sports
1035,sports
1036,health
1037,sports
1038,sports
1039,sports
1040,sports
1041,sports
1042,sports
1043,culture
1044,sports
1045,sports
1046,sports
1047,sports
1048,sports
1049,sports
1050,sports
1051,sports
1052,sports
1053,sports
1054,sports
1055,sports
1056,sports
1057,sports
1058,sports
1059,sports
1060,sports
1061,sports
1062,sports
1063,sports
1064,sports
1065,sports
1066,sports
1067,sports
1068,sports
1069,sports
1070,sports
1071,sports
1072,sports
1073,sports
1074,sports
1075,sports
1076,sports
1077,sports
1078,sports
1079,sports
1080,sports
1081,sports
1082,sports
1083,sports
1084,sports
1085,sports
1086,sports
1087,sports
1088,health
1089,sports
1090,politics
1091,sports
1092,sports
1093,sports
1094,sports
1095,sports
1096,sports
1097,sports
1098,sports
1099,sports
1100,sports
1101,sports
1102,sports
1103,sports
1104,sports
1105,sports
1106,sports
1107,sports
1108,sports
1109,sports
1110,politics
1111,sports
1112,sports
1113,sports
1114,sports
1115,sports
1116,sports
1117,sports
1118,sports
1119,sports
1120,sports
1121,sports
1122,sports
1123,sports
1124,sports
1125,sports
1126,sports
1127,sports
1128,sports
1129,sports
1130,sports
1131,sports
1132,sports
1133,sports
1134,sports
1135,sports
1136,sports
1137,sports
1138,sports
1139,sports
1140,sports
1141,sports
1142,sports
1143,sports
1144,sports
1145,sports
1146,sports
1147,sports
1148,sports
1149,sports
1150,sports
1151,sports
1152,sports
1153,sports
1154,sports
1155,health
1156,sports
1157,sports
1158,sports
1159,sports
1160,sports
1161,sports
1162,sports
1163,sports
1164,sports
1165,sports
1166,sports
1167,sports
1168,sports
1169,sports
1170,sports
1171,sports
1172,sports
1173,sports
1174,sports
1175,sports
1176,sports
1177,sports
1178,sports
1179,sports
1180,sports
1181,sports
1182,sports
1183,sports
1184,culture
1185,sports
1186,sports
1187,sports
1188,sports
1189,sports
1190,sports
1191,sports
1192,sports
1193,sports
1194,sports
1195,sports
1196,sports
1197,sports
1198,sports
1199,sports
1200,sports
1201,sports
1202,sports
1203,sports
1204,sports
1205,sports
1206,sports
1207,sports
1208,sports
1209,economy
1210,sports
1211,sports
1212,sports
1213,sports
1214,sports
1215,sports
1216,sports
1217,sports
1218,sports
1219,sports
1220,sports
1221,sports
1222,sports
1223,sports
1224,sports
1225,sports
1226,sports
1227,sports
1228,sports
1229,sports
1230,sports
1231,sports
1232,sports
1233,sports
1234,sports
1235,sports
1236,sports
1237,sports
1238,sports
1239,sports
1240,sports
1241,sports
1242,sports
1243,sports
1244,sports
1245,sports
1246,sports
1247,sports
1248,sports
1249,sports
1250,sports
1251,sports
1252,economy
1253,sports
1254,sports
1255,sports
1256,sports
1257,sports
1258,sports
1259,sports
1260,sports
1261,sports
1262,sports
1263,sports
1264,sports
1265,politics
1266,sports
1267,sports
1268,sports
1269,sports
1270,sports
1271,sports
1272,sports
1273,sports
1274,sports
1275,sports
1276,sports
1277,sports
1278,sports
1279,sports
1280,sports
1281,sports
1282,sports
1283,sports
1284,sports
1285,sports
1286,sports
1287,sports
1288,sports
1289,sports
1290,sports
1291,sports
1292,sports
1293,sports
1294,sports
1295,sports
1296,sports
1297,sports
1298,politics
1299,sports
1300,sports
1301,sports
1302,sports
1303,sports
1304,sports
1305,sports
1306,sports
1307,sports
1308,sports
1309,sports
1310,sports
1311,sports
1312,sports
1313,sports
1314,sports
1315,culture
1316,sports
1317,sports
1318,sports
1319,sports
1320,sports
1321,economy
1322,politics
1323,sports
1324,sports
1325,sports
1326,sports
1327,sports
1328,sports
1329,sports
1330,sports
1331,sports
1332,sports
1333,sports
1334,sports
1335,sports
1336,sports
1337,sports
1338,sports
1339,sports
1340,sports
1341,sports
1342,sports
1343,sports
1344,politics
1345,sports
1346,sports
1347,sports
1348,sports
1349,sports
1350,sports
1351,health
1352,sports
1353,sports
1354,sports
1355,sports
1356,sports
1357,sports
1358,sports
1359,culture
1360,sports
1361,sports
1362,sports
1363,sports
1364,sports
1365,sports
1366,sports
1367,sports
1368,sports
1369,sports
1370,sports
1371,sports
1372,sports
1373,sports
1374,sports
1375,culture
1376,sports
1377,sports
1378,sports
1379,sports
1380,sports
1381,culture
1382,sports
1383,sports
1384,sports
1385,sports
1386,sports
1387,sports
1388,sports
1389,sports
1390,sports
1391,sports
1392,sports
1393,sports
1394,sports
1395,sports
1396,sports
1397,sports
1398,sports
1399,sports
1400,sports
1401,sports
1402,sports
1403,sports
1404,sports
1405,sports
1406,sports
1407,sports
1408,sports
1409,sports
1410,sports
1411,sports
1412,sports
1413,sports
1414,sports
1415,sports
1416,sports
1417,sports
1418,sports
1419,sports
1420,sports
1421,sports
1422,sports
1423,sports
1424,sports
1425,sports
1426,sports
1427,sports
1428,sports
1429,sports
1430,health
1431,sports
1432,sports
1433,sports
1434,sports
1435,sports
1436,sports
1437,sports
1438,sports
1439,sports
1440,politics
1441,sports
1442,sports
1443,politics
1444,sports
1445,sports
1446,sports
1447,sports
1448,sports
1449,sports
1450,sports
1451,sports
1452,sports
1453,sports
1454,sports
1455,sports
1456,sports
1457,sports
1458,sports
1459,sports
1460,sports
1461,sports
1462,sports
1463,sports
1464,sports
1465,sports
1466,sports
1467,sports
1468,sports
1469,sports
1470,sports
1471,sports
1472,sports
1473,sports
1474,sports
1475,sports
1476,sports
1477,sports
1478,sports
1479,sports
1480,sports
1481,sports
1482,sports
1483,sports
1484,sports
1485,sports
1486,sports
1487,sports
1488,sports
1489,sports
1490,sports
1491,sports
1492,economy
1493,sports
1494,sports
1495,sports
1496,sports
1497,sports
1498,sports
1499,sports
1500,sports
1501,politics
1502,sports
1503,sports
1504,sports
1505,sports
1506,sports
1507,sports
1508,sports
1509,sports
1510,sports
1511,sports
1512,sports
1513,sports
1514,sports
1515,sports
1516,sports
1517,sports
1518,sports
1519,sports
1520,sports
1521,sports
1522,sports
1523,sports
1524,politics
1525,sports
1526,sports
1527,sports
1528,sports
1529,sports
1530,sports
1531,sports
1532,economy
1533,sports
1534,sports
1535,sports
1536,sports
1537,sports
1538,sports
1539,sports
1540,sports
1541,sports
1542,sports
1543,sports
1544,sports
1545,sports
1546,sports
1547,sports
1548,sports
1549,sports
1550,sports
1551,sports
1552,sports
1553,sports
1554,sports
1555,sports
1556,sports
1557,sports
1558,sports
1559,sports
1560,sports
1561,sports
1562,sports
1563,sports
1564,sports
1565,sports
1566,sports
1567,sports
1568,sports
1569,sports
1570,culture
1571,sports
1572,sports
1573,sports
1574,sports
1575,sports
1576,sports
1577,sports
1578,sports
1579,politics
1580,sports
1581,sports
1582,sports
1583,sports
1584,politics
1585,sports
1586,sports
1587,sports
1588,sports
1589,sports
1590,sports
1591,sports
1592,sports
1593,sports
1594,sports
1595,sports
1596,sports
1597,sports
1598,sports
1599,sports
1600,sports
1601,sports
1602,sports
1603,sports
1604,sports
1605,sports
1606,sports
1607,sports
1608,sports
1609,sports
1610,sports
1611,sports
1612,sports
1613,sports
1614,sports
1615,sports
1616,sports
1617,sports
1618,sports
1619,sports
1620,sports
1621,sports
1622,sports
1623,sports
1624,sports
1625,sports
1626,sports
1627,sports
1628,sports
1629,sports
1630,sports
1631,sports
1632,sports
1633,sports
1634,sports
1635,sports
1636,sports
1637,sports
1638,sports
1639,sports
1640,sports
1641,sports
1642,sports
1643,sports
1644,sports
1645,sports
1646,sports
1647,sports
1648,sports
1649,sports
1650,sports
1651,sports
1652,sports
1653,sports
1654,sports
1655,sports
1656,sports
1657,sports
1658,sports
1659,sports
1660,sports
1661,sports
1662,sports
1663,sports
1664,sports
1665,sports
1666,sports
1667,sports
1668,sports
1669,sports
1670,sports
1671,sports
1672,sports
1673,sports
1674,sports
1675,health
1676,sports
1677,sports
1678,sports
1679,sports
1680,health
1681,sports
1682,sports
1683,sports
1684,sports
1685,sports
1686,sports
1687,sports
1688,sports
1689,sports
1690,sports
1691,sports
1692,sports
1693,sports
1694,sports
1695,sports
1696,sports
1697,sports
1698,sports
1699,sports
1700,sports
1701,sports
1702,sports
1703,sports
1704,sports
1705,sports
1706,sports
1707,sports
1708,sports
1709,sports
1710,sports
1711,sports
1712,sports
1713,sports
1714,sports
1715,sports
1716,sports
1717,sports
1718,sports
1719,sports
1720,sports
1721,sports
1722,sports
1723,sports
1724,sports
1725,sports
1726,sports
1727,sports
1728,sports
1729,politics
1730,politics
1731,economy
1732,economy
1733,politics
1734,politics
1735,culture
1736,politics
1737,politics
1738,politics
1739,politics
1740,health
1741,politics
1742,politics
1743,politics
1744,politics
1745,politics
1746,politics
1747,politics
1748,politics
1749,politics
1750,economy
1751,politics
1752,culture
1753,politics
1754,politics
1755,politics
1756,economy
1757,health
1758,economy
1759,politics
1760,politics
1761,politics
1762,culture
1763,politics
1764,politics
1765,politics
1766,economy
1767,politics
1768,politics
1769,politics
1770,politics
1771,politics
1772,politics
1773,politics
1774,politics
1775,politics
1776,politics
1777,politics
1778,politics
1779,health
1780,politics
1781,politics
1782,politics
1783,politics
1784,politics
1785,culture
1786,politics
1787,economy
1788,politics
1789,politics
1790,politics
1791,economy
1792,politics
1793,politics
1794,politics
1795,politics
1796,politics
1797,politics
1798,politics
1799,politics
1800,politics
1801,politics
1802,politics
1803,politics
1804,politics
1805,politics
1806,politics
1807,politics
1808,economy
1809,politics
1810,economy
1811,politics
1812,politics
1813,culture
1814,culture
1815,politics
1816,economy
1817,politics
1818,politics
1819,politics
1820,politics
1821,politics
1822,politics
1823,politics
1824,politics
1825,economy
1826,economy
1827,politics
1828,politics
1829,politics
1830,politics
1831,politics
1832,politics
1833,politics
1834,culture
1835,economy
1836,politics
1837,health
1838,politics
1839,politics
1840,politics
1841,politics
1842,economy
1843,politics
1844,politics
1845,politics
1846,politics
1847,politics
1848,politics
1849,politics
1850,politics
1851,politics
1852,politics
1853,politics
1854,economy
1855,politics
1856,politics
1857,politics
1858,politics
1859,politics
1860,politics
1861,politics
1862,politics
1863,economy
1864,politics
1865,politics
1866,politics
1867,politics
1868,politics
1869,politics
1870,politics
1871,politics
1872,politics
1873,politics
1874,politics
1875,culture
1876,culture
1877,economy
1878,politics
1879,politics
1880,politics
1881,politics
1882,economy
1883,politics
1884,politics
1885,politics
1886,politics
1887,politics
1888,economy
1889,politics
1890,politics
1891,politics
1892,politics
1893,politics
1894,economy
1895,politics
1896,politics
1897,economy
1898,economy
1899,politics
1900,politics
1901,economy
1902,politics
1903,politics
1904,politics
1905,politics
1906,politics
1907,politics
1908,politics
1909,politics
1910,politics
1911,health
1912,economy
1913,economy
1914,politics
1915,politics
1916,politics
1917,politics
1918,politics
1919,politics
1920,politics
1921,politics
1922,politics
1923,health
1924,politics
1925,politics
1926,health
1927,politics
1928,politics
1929,politics
1930,politics
1931,politics
1932,politics
1933,economy
1934,politics
1935,politics
1936,politics
1937,politics
1938,culture
1939,politics
1940,politics
1941,politics
1942,health
1943,politics
1944,politics
1945,politics
1946,economy
1947,politics
1948,health
1949,economy
1950,politics
1951,politics
1952,politics
1953,politics
1954,economy
1955,politics
1956,politics
1957,culture
1958,politics
1959,politics
1960,politics
1961,economy
1962,politics
1963,politics
1964,politics
1965,politics
1966,politics
1967,politics
1968,politics
1969,politics
1970,politics
1971,politics
1972,politics
1973,politics
1974,politics
1975,politics
1976,economy
1977,politics
1978,politics
1979,economy
1980,politics
1981,politics
1982,politics
1983,politics
1984,politics
1985,culture
1986,politics
1987,politics
1988,politics
1989,politics
1990,politics
1991,economy
1992,politics
1993,economy
1994,culture
1995,politics
1996,politics
1997,politics
1998,politics
1999,politics
2000,politics
2001,health
2002,politics
2003,politics
2004,sports
2005,politics
2006,politics
2007,economy
2008,economy
2009,politics
2010,politics
2011,politics
2012,politics
2013,politics
2014,economy
2015,culture
2016,politics
2017,culture
2018,economy
2019,politics
2020,politics
2021,politics
2022,economy
2023,politics
2024,politics
2025,politics
2026,economy
2027,economy
2028,politics
2029,politics
2030,politics
2031,politics
2032,politics
2033,culture
2034,politics
2035,politics
2036,politics
2037,politics
2038,politics
2039,politics
2040,politics
2041,politics
2042,politics
2043,economy
2044,politics
2045,politics
2046,politics
2047,politics
2048,politics
2049,politics
2050,politics
2051,politics
2052,politics
2053,economy
2054,politics
2055,politics
2056,politics
2057,politics
2058,politics
2059,politics
2060,politics
2061,politics
2062,politics
2063,health
2064,politics
2065,politics
2066,economy
2067,politics
2068,health
2069,politics
2070,politics
2071,politics
2072,politics
2073,politics
2074,politics
2075,politics
2076,politics
2077,politics
2078,politics
2079,politics
2080,politics
2081,economy
2082,politics
2083,politics
2084,politics
2085,politics
2086,politics
2087,politics
2088,politics
2089,politics
2090,politics
2091,politics
2092,politics
2093,politics
2094,politics
2095,economy
2096,politics
2097,politics
2098,economy
2099,health
2100,politics
2101,politics
2102,politics
2103,politics
2104,politics
2105,politics
2106,politics
2107,economy
2108,politics
2109,politics
2110,economy
2111,politics
2112,politics
2113,politics
2114,politics
2115,politics
2116,politics
2117,politics
2118,politics
2119,politics
2120,politics
2121,economy
2122,politics
2123,politics
2124,politics
2125,politics
2126,economy
2127,politics
2128,politics
2129,politics
2130,politics
2131,politics
2132,politics
2133,politics
2134,politics
2135,politics
2136,politics
2137,politics
2138,politics
2139,politics
2140,politics
2141,politics
2142,politics
2143,culture
2144,politics
2145,politics
2146,health
2147,politics
2148,economy
2149,politics
2150,culture
2151,culture
2152,politics
2153,politics
2154,politics
2155,politics
2156,politics
2157,politics
2158,politics
2159,politics
2160,politics
2161,economy
2162,politics
2163,politics
2164,politics
2165,health
2166,politics
2167,politics
2168,politics
2169,culture
2170,economy
2171,politics
2172,politics
2173,politics
2174,politics
2175,politics
2176,politics
2177,politics
2178,politics
2179,politics
2180,politics
2181,politics
2182,economy
2183,politics
2184,politics
2185,politics
2186,politics
2187,politics
2188,politics
2189,economy
2190,politics
2191,politics
2192,politics
2193,politics
2194,politics
2195,economy
2196,politics
2197,economy
2198,politics
2199,politics
2200,politics
2201,politics
2202,politics
2203,politics
2204,politics
2205,politics
2206,politics
2207,politics
2208,politics
2209,politics
2210,politics
2211,politics
2212,politics
2213,economy
2214,politics
2215,politics
2216,politics
2217,politics
2218,politics
2219,politics
2220,politics
2221,culture
2222,culture
2223,economy
2224,politics
2225,politics
2226,politics
2227,politics
2228,politics
2229,politics
2230,politics
2231,politics
2232,politics
2233,politics
2234,politics
2235,politics
2236,politics
2237,politics
2238,culture
2239,politics
2240,politics
2241,politics
2242,politics
2243,politics
2244,politics
2245,politics
2246,politics
2247,economy
2248,politics
2249,politics
2250,politics
2251,politics
2252,economy
2253,politics
2254,politics
2255,politics
2256,politics
2257,politics
2258,politics
2259,politics
2260,politics
2261,culture
2262,politics
2263,culture
2264,politics
2265,politics
2266,politics
2267,politics
2268,politics
2269,politics
2270,politics
2271,politics
2272,politics
2273,politics
2274,politics
2275,politics
2276,politics
2277,politics
2278,economy
2279,culture
2280,politics
2281,economy
2282,politics
2283,politics
2284,politics
2285,politics
2286,politics
2287,economy
2288,politics
2289,politics
2290,politics
2291,politics
2292,politics
2293,culture
2294,politics
2295,politics
2296,politics
2297,politics
2298,culture
2299,politics
2300,politics
2301,culture
2302,economy
2303,politics
2304,politics
2305,economy
2306,politics
2307,politics
2308,politics
2309,politics
2310,politics
2311,politics
2312,politics
2313,politics
2314,politics
2315,politics
2316,politics
2317,politics
2318,politics
2319,health
2320,politics
2321,politics
2322,politics
2323,politics
2324,politics
2325,politics
2326,politics
2327,politics
2328,politics
2329,politics
2330,health
2331,politics
2332,politics
2333,politics
2334,politics
2335,politics
2336,politics
2337,politics
2338,politics
2339,politics
2340,economy
2341,health
2342,politics
2343,politics
2344,politics
2345,politics
2346,politics
2347,politics
2348,politics
2349,politics
2350,politics
2351,politics
2352,politics
2353,politics
2354,politics
2355,politics
2356,politics
2357,politics
2358,politics
2359,politics
2360,politics
2361,economy
2362,politics
2363,politics
2364,politics
2365,politics
2366,politics
2367,politics
2368,politics
2369,economy
2370,culture
2371,economy
2372,politics
2373,politics
2374,economy
2375,economy
2376,politics
2377,politics
2378,economy
2379,politics
2380,politics
2381,politics
2382,politics
2383,politics
2384,politics
2385,politics
2386,politics
2387,politics
2388,politics
2389,politics
2390,politics
2391,politics
2392,politics
2393,politics
2394,economy
2395,politics
2396,politics
2397,economy
2398,economy
2399,economy
2400,politics
2401,politics
2402,politics
2403,politics
2404,politics
2405,politics
2406,politics
2407,politics
2408,politics
2409,politics
2410,politics
2411,politics
2412,politics
2413,politics
2414,politics
2415,politics
2416,politics
2417,politics
2418,economy
2419,culture
2420,politics
2421,politics
2422,politics
2423,politics
2424,politics
2425,politics
2426,politics
2427,politics
2428,politics
2429,politics
2430,politics
2431,politics
2432,economy
2433,politics
2434,politics
2435,economy
2436,politics
2437,politics
2438,politics
2439,politics
2440,politics
2441,economy
2442,politics
2443,politics
2444,politics
2445,politics
2446,politics
2447,politics
2448,economy
2449,politics
2450,politics
2451,politics
2452,politics
2453,politics
2454,politics
2455,economy
2456,politics
2457,politics
2458,politics
2459,economy
2460,politics
2461,politics
2462,politics
2463,politics
2464,politics
2465,politics
2466,politics
2467,politics
2468,politics
2469,politics
2470,politics
2471,politics
2472,economy
2473,politics
2474,politics
2475,politics
2476,politics
2477,politics
2478,politics
2479,economy
2480,politics
2481,politics
2482,politics
2483,politics
2484,politics
2485,politics
2486,politics
2487,none
2488,health
2489,politics
2490,politics
2491,politics
2492,politics
2493,politics
2494,politics
2495,economy
2496,economy
2497,economy
2498,culture
2499,culture
2500,economy
2501,politics
2502,politics
2503,politics
2504,politics
2505,politics
2506,politics
2507,politics
2508,politics
2509,politics
2510,politics
2511,economy
2512,politics
2513,politics
2514,economy
2515,politics
2516,politics
2517,culture
2518,economy
2519,politics
2520,politics
2521,politics
2522,politics
2523,politics
2524,politics
2525,culture
2526,politics
2527,politics
2528,culture
2529,culture
2530,politics
2531,politics
2532,politics
2533,politics
2534,politics
2535,politics
2536,politics
2537,politics
2538,politics
2539,politics
2540,politics
2541,politics
2542,politics
2543,politics
2544,culture
2545,politics
2546,health
2547,politics
2548,politics
2549,politics
2550,politics
2551,politics
2552,politics
2553,politics
2554,politics
2555,politics
2556,politics
2557,politics
2558,politics
2559,politics
2560,economy
2561,politics
2562,politics
2563,politics
2564,politics
2565,culture
2566,politics
2567,politics
2568,politics
2569,politics
2570,politics
2571,politics
2572,politics
2573,politics
2574,politics
2575,culture
2576,politics
2577,politics
2578,politics
2579,politics
2580,politics
2581,politics
2582,politics
2583,politics
2584,politics
2585,politics
2586,culture
2587,economy
2588,politics
2589,culture
2590,politics
2591,politics
2592,politics
2593,politics
2594,politics
2595,politics
2596,politics
2597,politics
2598,politics
2599,politics
2600,politics
2601,politics
2602,economy
2603,politics
2604,politics
2605,economy
2606,politics
2607,politics
2608,politics
2609,politics
2610,economy
2611,economy
2612,politics
2613,politics
2614,politics
2615,politics
2616,politics
2617,politics
2618,politics
2619,politics
2620,economy
2621,politics
2622,politics
2623,politics
2624,politics
2625,politics
2626,economy
2627,politics
2628,politics
2629,politics
2630,economy
2631,politics
2632,politics
2633,economy
2634,politics
2635,politics
2636,politics
2637,politics
2638,politics
2639,politics
2640,politics
2641,politics
2642,politics
2643,politics
2644,politics
2645,politics
2646,economy
2647,politics
2648,politics
2649,politics
2650,politics
2651,politics
2652,politics
2653,politics
2654,politics
2655,politics
2656,politics
2657,politics
2658,politics
2659,economy
2660,politics
2661,politics
2662,politics
2663,economy
2664,politics
2665,politics
2666,economy
2667,politics
2668,politics
2669,politics
2670,politics
2671,politics
2672,politics
2673,sports
2674,politics
2675,politics
2676,politics
2677,politics
2678,politics
2679,politics
2680,politics
2681,politics
2682,politics
2683,politics
2684,politics
2685,politics
2686,economy
2687,politics
2688,politics
2689,politics
2690,politics
2691,politics
2692,politics
2693,politics
2694,economy
2695,politics
2696,politics
2697,politics
2698,politics
2699,politics
2700,economy
2701,politics
2702,politics
2703,politics
2704,politics
2705,culture
2706,politics
2707,politics
2708,economy
2709,culture
2710,politics
2711,politics
2712,politics
2713,culture
2714,politics
2715,politics
2716,politics
2717,politics
2718,politics
2719,politics
2720,politics
2721,politics
2722,politics
2723,politics
2724,politics
2725,politics
2726,politics
2727,politics
2728,politics
2729,politics
2730,economy
2731,politics
2732,economy
2733,politics
2734,politics
2735,politics
2736,politics
2737,politics
2738,health
2739,politics
2740,economy
2741,economy
2742,politics
2743,politics
2744,politics
2745,politics
2746,politics
2747,politics
2748,politics
2749,politics
2750,politics
2751,culture
2752,politics
2753,politics
2754,politics
2755,politics
2756,politics
2757,politics
2758,politics
2759,politics
2760,health
2761,politics
2762,economy
2763,politics
2764,politics
2765,economy
2766,politics
2767,economy
2768,politics
2769,politics
2770,politics
2771,economy
2772,politics
2773,politics
2774,politics
2775,economy
2776,politics
2777,politics
2778,economy
2779,politics
2780,politics
2781,culture
2782,politics
2783,politics
2784,politics
2785,politics
2786,economy
2787,politics
2788,politics
2789,politics
2790,politics
2791,politics
2792,politics
2793,politics
2794,politics
2795,politics
2796,politics
2797,culture
2798,politics
2799,politics
2800,politics
2801,economy
2802,politics
2803,politics
2804,politics
2805,health
2806,politics
2807,politics
2808,politics
2809,politics
2810,politics
2811,politics
2812,politics
2813,health
2814,politics
2815,politics
2816,politics
2817,politics
2818,politics
2819,politics
2820,politics
2821,politics
2822,politics
2823,politics
2824,politics
2825,economy
2826,politics
2827,politics
2828,politics
2829,politics
2830,politics
2831,politics
2832,economy
2833,politics
2834,politics
2835,politics
2836,politics
2837,politics
2838,politics
2839,politics
2840,politics
2841,politics
2842,politics
2843,health
2844,politics
2845,politics
2846,politics
2847,politics
2848,politics
2849,politics
2850,politics
2851,politics
2852,politics
2853,politics
2854,politics
2855,politics
2856,politics
2857,sports
2858,politics
2859,politics
2860,culture
2861,sports
2862,economy
2863,politics
2864,politics
2865,politics
2866,politics
2867,politics
2868,politics
2869,politics
2870,economy
2871,politics
2872,politics
2873,politics
2874,politics
2875,politics
2876,economy
2877,politics
2878,politics
2879,politics
2880,politics
2881,politics
2882,politics
2883,politics
2884,politics
2885,politics
2886,politics
2887,politics
2888,politics
2889,politics
2890,politics
2891,politics
2892,politics
2893,politics
2894,politics
2895,politics
2896,politics
2897,politics
2898,politics
2899,economy
2900,culture
2901,politics
2902,politics
2903,politics
2904,politics
2905,health
2906,politics
2907,economy
2908,health
2909,economy
2910,politics
2911,politics
2912,politics
2913,politics
2914,economy
2915,politics
2916,health
2917,politics
2918,politics
2919,politics
2920,politics
2921,politics
2922,health
2923,politics
2924,politics
2925,politics
2926,politics
2927,politics
2928,politics
2929,politics
2930,economy
2931,politics
2932,politics
2933,politics
2934,politics
2935,politics
2936,politics
2937,economy
2938,health
2939,politics
2940,economy
2941,politics
2942,economy
2943,politics
2944,culture
2945,health
2946,economy
2947,politics
2948,economy
2949,politics
2950,economy
2951,politics
2952,politics
2953,politics
2954,culture
2955,culture
2956,politics
2957,politics
2958,politics
2959,politics
2960,politics
2961,politics
2962,politics
2963,politics
2964,politics
2965,economy
2966,politics
2967,economy
2968,politics
2969,politics
2970,politics
2971,politics
2972,politics
2973,politics
2974,politics
2975,politics
2976,politics
2977,politics
2978,politics
2979,politics
2980,politics
2981,economy
2982,politics
2983,politics
2984,politics
2985,politics
2986,sports
2987,politics
2988,politics
2989,politics
2990,politics
2991,economy
2992,politics
2993,health
2994,politics
2995,politics
2996,economy
2997,politics
2998,economy
2999,politics
3000,politics
3001,politics
3002,politics
3003,economy
3004,politics
3005,politics
3006,politics
3007,politics
3008,politics
3009,politics
3010,politics
3011,culture
3012,politics
3013,politics
3014,politics
3015,politics
3016,politics
3017,politics
3018,politics
3019,politics
3020,politics
3021,economy
3022,economy
3023,politics
3024,economy
3025,politics
3026,politics
3027,politics
3028,politics
3029,politics
3030,politics
3031,politics
3032,politics
3033,politics
3034,politics
3035,culture
3036,politics
3037,politics
3038,politics
3039,politics
3040,politics
3041,politics
3042,politics
3043,politics
3044,politics
3045,economy
3046,politics
3047,politics
3048,politics
3049,politics
3050,politics
3051,health
3052,politics
3053,politics
3054,politics
3055,politics
3056,politics
3057,culture
3058,politics
3059,sports
3060,politics
3061,politics
3062,politics
3063,politics
3064,politics
3065,politics
3066,politics
3067,politics
3068,politics
3069,economy
3070,politics
3071,politics
3072,politics
3073,economy
3074,politics
3075,politics
3076,politics
3077,economy
3078,politics
3079,economy
3080,politics
3081,politics
3082,politics
3083,economy
3084,politics
3085,politics
3086,politics
3087,politics
3088,politics
3089,politics
3090,politics
3091,politics
3092,economy
3093,economy
3094,politics
3095,politics
3096,politics
3097,politics
3098,politics
3099,politics
3100,politics
3101,politics
3102,politics
3103,politics
3104,politics
3105,politics
3106,politics
3107,politics
3108,politics
3109,politics
3110,politics
3111,politics
3112,economy
3113,politics
3114,politics
3115,politics
3116,politics
3117,politics
3118,politics
3119,politics
3120,economy
3121,politics
3122,politics
3123,politics
3124,politics
3125,politics
3126,economy
3127,politics
3128,culture
3129,politics
3130,politics
3131,economy
3132,politics
3133,politics
3134,economy
3135,politics
3136,politics
3137,politics
3138,politics
3139,economy
3140,politics
3141,politics
3142,politics
3143,politics
3144,politics
3145,politics
3146,politics
3147,politics
3148,politics
3149,politics
3150,politics
3151,politics
3152,politics
3153,politics
3154,politics
3155,politics
3156,politics
3157,politics
3158,politics
3159,politics
3160,politics
3161,politics
3162,politics
3163,culture
3164,politics
3165,culture
3166,politics
3167,sports
3168,sports
3169,politics
3170,politics
3171,politics
3172,culture
3173,health
3174,health
3175,politics
3176,politics
3177,politics
3178,politics
3179,health
3180,health
3181,health
3182,politics
3183,politics
3184,politics
3185,culture
3186,economy
3187,economy
3188,economy
3189,economy
3190,economy
3191,economy
3192,economy
3193,economy
3194,economy
3195,economy
3196,economy
3197,economy
3198,economy
3199,economy
3200,economy
3201,economy
3202,economy
3203,economy
3204,economy
3205,economy
3206,economy
3207,economy
3208,economy
3209,economy
3210,economy
3211,sports
3212,economy
3213,economy
3214,economy
3215,economy
3216,economy
3217,economy
3218,economy
3219,economy
3220,economy
3221,economy
3222,economy
3223,economy
3224,economy
3225,economy
3226,economy
3227,economy
3228,economy
3229,economy
3230,economy
3231,economy
3232,economy
3233,economy
3234,economy
3235,economy
3236,economy
3237,economy
3238,economy
3239,economy
3240,economy
3241,economy
3242,economy
3243,economy
3244,economy
3245,economy
3246,economy
3247,economy
3248,economy
3249,health
3250,economy
3251,economy
3252,economy
3253,economy
3254,economy
3255,economy
3256,economy
3257,economy
3258,economy
3259,economy
3260,economy
3261,economy
3262,economy
3263,economy
3264,economy
3265,economy
3266,economy
3267,economy
3268,politics
3269,politics
3270,economy
3271,economy
3272,economy
3273,economy
3274,economy
3275,economy
3276,economy
3277,economy
3278,economy
3279,economy
3280,economy
3281,economy
3282,economy
3283,politics
3284,economy
3285,politics
3286,politics
3287,economy
3288,economy
3289,economy
3290,economy
3291,economy
3292,economy
3293,economy
3294,economy
3295,economy
3296,health
3297,economy
3298,economy
3299,economy
3300,economy
3301,economy
3302,economy
3303,economy
3304,economy
3305,economy
3306,economy
3307,economy
3308,economy
3309,economy
3310,economy
3311,economy
3312,economy
3313,economy
3314,economy
3315,economy
3316,economy
3317,economy
3318,economy
3319,economy
3320,economy
3321,economy
3322,economy
3323,economy
3324,economy
3325,economy
3326,economy
3327,economy
3328,economy
3329,economy
3330,economy
3331,economy
3332,economy
3333,economy
3334,economy
3335,economy
3336,economy
3337,economy
3338,economy
3339,economy
3340,economy
3341,economy
3342,economy
3343,economy
3344,economy
3345,economy
3346,economy
3347,politics
3348,economy
3349,economy
3350,economy
3351,economy
3352,economy
3353,economy
3354,economy
3355,economy
3356,economy
3357,economy
3358,economy
3359,economy
3360,economy
3361,economy
3362,politics
3363,economy
3364,economy
3365,economy
3366,economy
3367,economy
3368,health
3369,economy
3370,economy
3371,economy
3372,economy
3373,economy
3374,health
3375,economy
3376,economy
3377,economy
3378,economy
3379,economy
3380,economy
3381,economy
3382,economy
3383,economy
3384,economy
3385,economy
3386,economy
3387,economy
3388,politics
3389,economy
3390,economy
3391,economy
3392,economy
3393,economy
3394,economy
3395,economy
3396,economy
3397,economy
3398,economy
3399,economy
3400,economy
3401,economy
3402,economy
3403,economy
3404,economy
3405,economy
3406,economy
3407,economy
3408,economy
3409,economy
3410,economy
3411,health
3412,economy
3413,economy
3414,economy
3415,economy
3416,economy
3417,economy
3418,economy
3419,economy
3420,economy
3421,economy
3422,economy
3423,economy
3424,economy
3425,economy
3426,economy
3427,economy
3428,economy
3429,economy
3430,economy
3431,economy
3432,economy
3433,economy
3434,economy
3435,economy
3436,economy
3437,economy
3438,economy
3439,economy
3440,economy
3441,economy
3442,economy
3443,economy
3444,economy
3445,economy
3446,economy
3447,culture
3448,economy
3449,economy
3450,economy
3451,economy
3452,economy
3453,economy
3454,economy
3455,economy
3456,economy
3457,economy
3458,economy
3459,economy
3460,economy
3461,economy
3462,economy
3463,economy
3464,economy
3465,economy
3466,economy
3467,economy
3468,economy
3469,economy
3470,economy
3471,economy
3472,economy
3473,economy
3474,economy
3475,politics
3476,economy
3477,economy
3478,economy
3479,economy
3480,economy
3481,economy
3482,economy
3483,economy
3484,economy
3485,economy
3486,economy
3487,politics
3488,politics
3489,economy
3490,politics
3491,economy
3492,politics
3493,economy
3494,economy
3495,economy
3496,economy
3497,economy
3498,politics
3499,economy
3500,economy
3501,economy
3502,economy
3503,economy
3504,economy
3505,economy
3506,economy
3507,economy
3508,economy
3509,economy
3510,economy
3511,economy
3512,economy
3513,economy
3514,economy
3515,economy
3516,economy
3517,economy
3518,economy
3519,economy
3520,economy
3521,economy
3522,economy
3523,economy
3524,economy
3525,economy
3526,economy
3527,economy
3528,politics
3529,politics
3530,economy
3531,economy
3532,economy
3533,health
3534,economy
3535,economy
3536,economy
3537,economy
3538,economy
3539,economy
3540,economy
3541,economy
3542,economy
3543,economy
3544,economy
3545,economy
3546,economy
3547,economy
3548,economy
3549,economy
3550,economy
3551,economy
3552,politics
3553,economy
3554,economy
3555,economy
3556,economy
3557,economy
3558,economy
3559,economy
3560,politics
3561,economy
3562,economy
3563,economy
3564,economy
3565,economy
3566,economy
3567,economy
3568,economy
3569,economy
3570,economy
3571,economy
3572,economy
3573,economy
3574,economy
3575,economy
3576,politics
3577,economy
3578,economy
3579,economy
3580,economy
3581,economy
3582,economy
3583,economy
3584,economy
3585,politics
3586,politics
3587,economy
3588,economy
3589,economy
3590,economy
3591,economy
3592,economy
3593,economy
3594,economy
3595,economy
3596,economy
3597,economy
3598,economy
3599,economy
3600,economy
3601,economy
3602,economy
3603,economy
3604,economy
3605,economy
3606,economy
3607,economy
3608,economy
3609,economy
3610,economy
3611,economy
3612,economy
3613,economy
3614,economy
3615,economy
3616,economy
3617,economy
3618,economy
3619,economy
3620,economy
3621,economy
3622,economy
3623,economy
3624,economy
3625,economy
3626,economy
3627,economy
3628,economy
3629,economy
3630,economy
3631,economy
3632,economy
3633,economy
3634,economy
3635,economy
3636,economy
3637,politics
3638,politics
3639,economy
3640,economy
3641,economy
3642,economy
3643,economy
3644,economy
3645,economy
3646,economy
3647,politics
3648,economy
3649,economy
3650,economy
3651,economy
3652,politics
3653,economy
3654,politics
3655,economy
3656,economy
3657,economy
3658,economy
3659,economy
3660,economy
3661,economy
3662,economy
3663,economy
3664,economy
3665,economy
3666,economy
3667,economy
3668,politics
3669,politics
3670,politics
3671,economy
3672,economy
3673,economy
3674,economy
3675,economy
3676,economy
3677,economy
3678,economy
3679,economy
3680,economy
3681,economy
3682,economy
3683,economy
3684,politics
3685,economy
3686,economy
3687,economy
3688,economy
3689,economy
3690,economy
3691,economy
3692,economy
3693,politics
3694,politics
3695,economy
3696,economy
3697,economy
3698,economy
3699,economy
3700,economy
3701,health
3702,economy
3703,politics
3704,politics
3705,economy
3706,economy
3707,economy
3708,politics
3709,economy
3710,economy
3711,economy
3712,economy
3713,economy
3714,culture
3715,economy
3716,economy
3717,economy
3718,economy
3719,economy
3720,economy
3721,economy
3722,economy
3723,economy
3724,economy
3725,economy
3726,economy
3727,economy
3728,economy
3729,economy
3730,economy
3731,economy
3732,economy
3733,economy
3734,health
3735,economy
3736,economy
3737,economy
3738,economy
3739,economy
3740,economy
3741,politics
3742,economy
3743,economy
3744,economy
3745,politics
3746,economy
3747,economy
3748,economy
3749,economy
3750,politics
3751,health
3752,economy
3753,economy
3754,economy
3755,economy
3756,politics
3757,politics
3758,politics
3759,economy
3760,economy
3761,economy
3762,culture
3763,economy
3764,politics
3765,politics
3766,politics
3767,economy
3768,economy
3769,economy
3770,economy
3771,economy
3772,economy
3773,economy
3774,economy
3775,politics
3776,economy
3777,politics
3778,economy
3779,economy
3780,economy
3781,politics
3782,politics
3783,politics
3784,politics
3785,politics
3786,economy
3787,economy
3788,politics
3789,economy
3790,politics
3791,economy
3792,economy
3793,economy
3794,economy
3795,economy
3796,economy
3797,politics
3798,politics
3799,politics
3800,economy
3801,politics
3802,economy
3803,economy
3804,economy
3805,economy
3806,economy
3807,politics
3808,economy
3809,politics
3810,economy
3811,economy
3812,economy
3813,economy
3814,economy
3815,economy
3816,economy
3817,politics
3818,economy
3819,politics
3820,economy
3821,economy
3822,economy
3823,economy
3824,politics
3825,economy
3826,economy
3827,economy
3828,economy
3829,economy
3830,economy
3831,economy
3832,sports
3833,economy
3834,economy
3835,economy
3836,economy
3837,economy
3838,economy
3839,economy
3840,economy
3841,economy
3842,economy
3843,economy
3844,economy
3845,economy
3846,culture
3847,economy
3848,economy
3849,economy
3850,economy
3851,economy
3852,economy
3853,politics
3854,economy
3855,economy
3856,economy
3857,economy
3858,economy
3859,economy
3860,economy
3861,economy
3862,politics
3863,politics
3864,politics
3865,economy
3866,economy
3867,economy
3868,politics
3869,economy
3870,politics
3871,politics
3872,economy
3873,economy
3874,economy
3875,economy
3876,economy
3877,economy
3878,economy
3879,economy
3880,economy
3881,economy
3882,culture
3883,politics
3884,economy
3885,economy
3886,economy
3887,politics
3888,politics
3889,politics
3890,politics
3891,economy
3892,politics
3893,politics
3894,politics
3895,economy
3896,politics
3897,economy
3898,economy
3899,economy
3900,culture
3901,economy
3902,economy
3903,economy
3904,economy
3905,economy
3906,politics
3907,economy
3908,politics
3909,politics
3910,politics
3911,politics
3912,politics
3913,economy
3914,economy
3915,economy
3916,economy
3917,economy
3918,economy
3919,economy
3920,economy
3921,economy
3922,economy
3923,economy
3924,politics
3925,economy
3926,health
3927,economy
3928,politics
3929,economy
3930,economy
3931,economy
3932,politics
3933,economy
3934,economy
3935,politics
3936,economy
3937,economy
3938,economy
3939,economy
3940,politics
3941,politics
3942,politics
3943,politics
3944,economy
3945,economy
3946,economy
3947,economy
3948,politics
3949,economy
3950,politics
3951,politics
3952,economy
3953,economy
3954,economy
3955,economy
3956,economy
3957,economy
3958,economy
3959,economy
3960,economy
3961,economy
3962,economy
3963,economy
3964,economy
3965,economy
3966,economy
3967,economy
3968,economy
3969,economy
3970,economy
3971,economy
3972,economy
3973,culture
3974,economy
3975,economy
3976,economy
3977,economy
3978,economy
3979,economy
3980,economy
3981,politics
3982,economy
3983,politics
3984,economy
3985,economy
3986,economy
3987,politics
3988,economy
3989,economy
3990,politics
3991,economy
3992,economy
3993,economy
3994,economy
3995,economy
3996,economy
3997,economy
3998,economy
3999,politics
4000,economy
4001,politics
4002,economy
4003,economy
4004,economy
4005,economy
4006,economy
4007,health
4008,politics
4009,economy
4010,economy
4011,economy
4012,politics
4013,politics
4014,economy
4015,economy
4016,politics
4017,politics
4018,politics
4019,politics
4020,politics
4021,politics
4022,economy
4023,politics
4024,economy
4025,economy
4026,politics
4027,politics
4028,politics
4029,politics
4030,politics
4031,economy
4032,politics
4033,politics
4034,economy
4035,economy
4036,economy
4037,economy
4038,economy
4039,economy
4040,economy
4041,economy
4042,politics
4043,politics
4044,politics
4045,politics
4046,economy
4047,economy
4048,economy
4049,politics
4050,economy
4051,politics
4052,economy
4053,economy
4054,economy
4055,economy
4056,economy
4057,economy
4058,economy
4059,economy
4060,politics
4061,politics
4062,politics
4063,politics
4064,economy
4065,economy
4066,health
4067,economy
4068,politics
4069,economy
4070,economy
4071,economy
4072,economy
4073,politics
4074,economy
4075,economy
4076,politics
4077,economy
4078,politics
4079,economy
4080,economy
4081,politics
4082,politics
4083,politics
4084,economy
4085,economy
4086,economy
4087,economy
4088,economy
4089,economy
4090,economy
4091,economy
4092,politics
4093,economy
4094,economy
4095,economy
4096,economy
4097,economy
4098,economy
4099,economy
4100,economy
4101,economy
4102,politics
4103,economy
4104,economy
4105,economy
4106,economy
4107,economy
4108,economy
4109,economy
4110,economy
4111,economy
4112,economy
4113,politics
4114,economy
4115,economy
4116,politics
4117,politics
4118,economy
4119,economy
4120,economy
4121,economy
4122,politics
4123,economy
4124,politics
4125,economy
4126,economy
4127,economy
4128,economy
4129,economy
4130,economy
4131,economy
4132,politics
4133,economy
4134,economy
4135,economy
4136,economy
4137,economy
4138,economy
4139,politics
4140,politics
4141,politics
4142,politics
4143,economy
4144,politics
4145,politics
4146,economy
4147,economy
4148,economy
4149,economy
4150,economy
4151,politics
4152,economy
4153,economy
4154,economy
4155,economy
4156,economy
4157,economy
4158,economy
4159,economy
4160,economy
4161,economy
4162,economy
4163,economy
4164,economy
4165,economy
4166,economy
4167,economy
4168,economy
4169,economy
4170,economy
4171,economy
4172,economy
4173,politics
4174,politics
4175,politics
4176,economy
4177,politics
4178,economy
4179,economy
4180,economy
4181,economy
4182,economy
4183,economy
4184,economy
4185,economy
4186,economy
4187,economy
4188,health
4189,economy
4190,economy
4191,economy
4192,economy
4193,economy
4194,economy
4195,economy
4196,economy
4197,economy
4198,economy
4199,economy
4200,economy
4201,economy
4202,economy
4203,economy
4204,economy
4205,economy
4206,economy
4207,economy
4208,economy
4209,economy
4210,economy
4211,politics
4212,politics
4213,economy
4214,politics
4215,economy
4216,economy
4217,economy
4218,economy
4219,politics
4220,politics
4221,politics
4222,politics
4223,economy
4224,economy
4225,economy
4226,economy
4227,economy
4228,economy
4229,economy
4230,economy
4231,economy
4232,economy
4233,economy
4234,politics
4235,economy
4236,economy
4237,economy
4238,economy
4239,economy
4240,economy
4241,economy
4242,economy
4243,economy
4244,economy
4245,economy
4246,economy
4247,economy
4248,economy
4249,economy
4250,economy
4251,economy
4252,economy
4253,economy
4254,economy
4255,economy
4256,economy
4257,economy
4258,economy
4259,economy
4260,economy
4261,health
4262,economy
4263,economy
4264,economy
4265,economy
4266,economy
4267,politics
4268,politics
4269,economy
4270,economy
4271,politics
4272,economy
4273,economy
4274,economy
4275,economy
4276,economy
4277,economy
4278,economy
4279,economy
4280,culture
4281,economy
4282,economy
4283,economy
4284,economy
4285,economy
4286,economy
4287,economy
4288,economy
4289,economy
4290,economy
4291,economy
4292,economy
4293,economy
4294,economy
4295,health
4296,economy
4297,economy
4298,economy
4299,economy
4300,economy
4301,economy
4302,economy
4303,economy
4304,economy
4305,economy
4306,economy
4307,economy
4308,economy
4309,economy
4310,economy
4311,economy
4312,economy
4313,economy
4314,economy
4315,economy
4316,economy
4317,economy
4318,economy
4319,economy
4320,politics
4321,politics
4322,economy
4323,economy
4324,economy
4325,economy
4326,economy
4327,politics
4328,culture
4329,economy
4330,economy
4331,economy
4332,economy
4333,economy
4334,economy
4335,economy
4336,economy
4337,economy
4338,economy
4339,economy
4340,economy
4341,economy
4342,economy
4343,economy
4344,economy
4345,economy
4346,economy
4347,economy
4348,health
4349,economy
4350,economy
4351,economy
4352,economy
4353,economy
4354,economy
4355,economy
4356,economy
4357,economy
4358,economy
4359,politics
4360,economy
4361,economy
4362,health
4363,economy
4364,economy
4365,culture
4366,economy
4367,politics
4368,economy
4369,economy
4370,economy
4371,economy
4372,economy
4373,economy
4374,economy
4375,economy
4376,economy
4377,economy
4378,economy
4379,economy
4380,economy
4381,economy
4382,economy
4383,economy
4384,economy
4385,economy
4386,economy
4387,economy
4388,economy
4389,economy
4390,economy
4391,economy
4392,economy
4393,economy
4394,economy
4395,economy
4396,economy
4397,economy
4398,economy
4399,economy
4400,economy
4401,economy
4402,economy
4403,politics
4404,economy
4405,economy
4406,economy
4407,economy
4408,economy
4409,economy
4410,economy
4411,economy
4412,economy
4413,economy
4414,economy
4415,economy
4416,economy
4417,economy
4418,economy
4419,economy
4420,economy
4421,health
4422,politics
4423,economy
4424,economy
4425,economy
4426,economy
4427,economy
4428,economy
4429,economy
4430,economy
4431,economy
4432,politics
4433,politics
4434,economy
4435,economy
4436,economy
4437,economy
4438,economy
4439,economy
4440,economy
4441,economy
4442,economy
4443,economy
4444,economy
4445,economy
4446,economy
4447,economy
4448,economy
4449,economy
4450,economy
4451,economy
4452,economy
4453,economy
4454,economy
4455,economy
4456,economy
4457,economy
4458,economy
4459,economy
4460,economy
4461,economy
4462,economy
4463,economy
4464,economy
4465,economy
4466,economy
4467,economy
4468,economy
4469,economy
4470,economy
4471,economy
4472,economy
4473,economy
4474,economy
4475,economy
4476,economy
4477,economy
4478,economy
4479,economy
4480,economy
4481,economy
4482,economy
4483,economy
4484,economy
4485,economy
4486,economy
4487,economy
4488,economy
4489,economy
4490,economy
4491,economy
4492,economy
4493,economy
4494,economy
4495,economy
4496,economy
4497,economy
4498,economy
4499,economy
4500,economy
4501,economy
4502,economy
4503,economy
4504,economy
4505,economy
4506,economy
4507,economy
4508,economy
4509,economy
4510,economy
4511,economy
4512,economy
4513,politics
4514,economy
4515,economy
4516,economy
4517,economy
4518,economy
4519,economy
4520,economy
4521,economy
4522,economy
4523,economy
4524,economy
4525,economy
4526,economy
4527,economy
4528,health
4529,economy
4530,economy
4531,economy
4532,economy
4533,economy
4534,economy
4535,economy
4536,economy
4537,economy
4538,politics
4539,economy
4540,economy
4541,economy
4542,economy
4543,health
4544,economy
4545,economy
4546,economy
4547,economy
4548,economy
4549,economy
4550,economy
4551,politics
4552,economy
4553,economy
4554,economy
4555,economy
4556,economy
4557,economy
4558,economy
4559,economy
4560,economy
4561,economy
4562,economy
4563,economy
4564,economy
4565,economy
4566,economy
4567,economy
4568,economy
4569,economy
4570,economy
4571,health
4572,economy
4573,economy
4574,economy
4575,economy
4576,economy
4577,economy
4578,economy
4579,economy
4580,economy
4581,economy
4582,economy
4583,economy
4584,economy
4585,economy
4586,economy
4587,politics
4588,economy
4589,economy
4590,economy
4591,economy
4592,economy
4593,economy
4594,economy
4595,economy
4596,economy
4597,economy
4598,economy
4599,economy
4600,economy
4601,health
4602,economy
4603,economy
4604,economy
4605,economy
4606,economy
4607,economy
4608,economy
4609,economy
4610,economy
4611,economy
4612,economy
4613,economy
4614,economy
4615,economy
4616,economy
4617,economy
4618,politics
4619,economy
4620,economy
4621,economy
4622,economy
4623,economy
4624,economy
4625,economy
4626,economy
4627,economy
4628,economy
4629,economy
4630,economy
4631,economy
4632,economy
4633,economy
4634,economy
4635,politics
4636,politics
4637,economy
4638,economy
4639,economy
4640,economy
4641,economy
4642,economy
4643,economy
4644,economy
4645,economy
4646,economy
4647,economy
4648,economy
4649,economy
4650,economy
4651,economy
4652,economy
4653,economy
4654,economy
4655,economy
4656,economy
4657,economy
4658,economy
4659,economy
4660,economy
4661,economy
4662,economy
4663,economy
4664,economy
4665,economy
4666,politics
4667,economy
4668,economy
4669,economy
4670,economy
4671,economy
4672,culture
4673,economy
4674,economy
4675,economy
4676,economy
4677,economy
4678,economy
4679,economy
4680,economy
4681,economy
4682,economy
4683,economy
4684,economy
4685,economy
4686,economy
4687,economy
4688,economy
4689,economy
4690,economy
4691,economy
4692,economy
4693,economy
4694,economy
4695,politics
4696,economy
4697,economy
4698,economy
4699,economy
4700,economy
4701,economy
4702,economy
4703,economy
4704,economy
4705,economy
4706,economy
4707,economy
4708,economy
4709,economy
4710,economy
4711,politics
4712,economy
4713,economy
4714,economy
4715,economy
4716,economy
4717,health
4718,economy
4719,economy
4720,economy
4721,economy
4722,economy
4723,economy
4724,economy
4725,economy
4726,economy
4727,economy
4728,politics
4729,politics
4730,economy
4731,economy
4732,economy
4733,economy
4734,economy
4735,economy
4736,culture
4737,economy
4738,economy
4739,economy
4740,economy
4741,economy
4742,economy
4743,economy
4744,economy
4745,economy
4746,economy
4747,economy
4748,economy
4749,economy
4750,economy
4751,politics
4752,economy
4753,politics
4754,politics
4755,politics
4756,economy
4757,culture
4758,economy
4759,economy
4760,economy
4761,economy
4762,economy
4763,economy
4764,economy
4765,economy
4766,economy
4767,economy
4768,economy
4769,economy
4770,economy
4771,economy
4772,economy
4773,economy
4774,economy
4775,economy
4776,economy
4777,economy
4778,economy
4779,economy
4780,economy
4781,economy
4782,economy
4783,economy
4784,economy
4785,economy
4786,economy
4787,economy
4788,culture
4789,economy
4790,economy
4791,economy
4792,economy
4793,economy
4794,economy
4795,economy
4796,economy
4797,economy
4798,economy
4799,economy
4800,politics
4801,economy
4802,economy
4803,economy
4804,economy
4805,economy
4806,economy
4807,economy
4808,economy
4809,economy
4810,economy
4811,economy
4812,economy
4813,economy
4814,economy
4815,economy
4816,economy
4817,politics
4818,economy
4819,economy
4820,politics
4821,economy
4822,politics
4823,economy
4824,economy
4825,economy
4826,economy
4827,economy
4828,economy
4829,sports
4830,economy
4831,economy
4832,economy
4833,economy
4834,economy
4835,economy
4836,economy
4837,economy
4838,economy
4839,economy
4840,economy
4841,economy
4842,economy
4843,economy
4844,economy
4845,politics
4846,economy
4847,economy
4848,economy
4849,economy
4850,economy
4851,economy
4852,economy
4853,economy
4854,economy
4855,economy
4856,economy
4857,economy
4858,economy
4859,economy
4860,economy
4861,economy
4862,economy
4863,economy
4864,economy
4865,economy
4866,economy
4867,economy
4868,economy
4869,culture
4870,politics
4871,politics
4872,economy
4873,economy
4874,economy
4875,economy
4876,economy
4877,economy
4878,economy
4879,economy
4880,economy
4881,economy
4882,economy
4883,economy
4884,economy
4885,economy
4886,economy
4887,economy
4888,economy
4889,economy
4890,culture
4891,economy
4892,culture
4893,economy
4894,economy
4895,economy
4896,economy
4897,economy
4898,economy
4899,economy
4900,economy
4901,economy
4902,economy
4903,economy
4904,economy
4905,economy
4906,economy
4907,economy
4908,economy
4909,economy
4910,politics
4911,economy
4912,economy
4913,economy
4914,economy
4915,economy
4916,politics
4917,economy
4918,economy
4919,economy
4920,economy
4921,economy
4922,economy
4923,economy
4924,economy
4925,economy
4926,economy
4927,economy
4928,economy
4929,economy
4930,economy
4931,economy
4932,economy
4933,economy
4934,economy
4935,economy
4936,economy
4937,economy
4938,economy
4939,economy
4940,economy
4941,economy
4942,economy
4943,economy
4944,economy
4945,economy
4946,economy
4947,economy
4948,economy
4949,economy
4950,economy
4951,economy
4952,politics
4953,politics
4954,economy
4955,economy
4956,economy
4957,economy
4958,economy
4959,economy
4960,economy
4961,economy
4962,economy
4963,economy
4964,economy
4965,economy
4966,economy
4967,politics
4968,politics
4969,politics
4970,economy
4971,politics
4972,politics
4973,economy
4974,economy
4975,economy
4976,economy
4977,economy
4978,economy
4979,economy
4980,economy
4981,economy
4982,economy
4983,economy
4984,economy
4985,economy
4986,economy
4987,economy
4988,economy
4989,economy
4990,economy
4991,economy
4992,economy
4993,culture
4994,politics
4995,economy
4996,politics
4997,economy
4998,economy
4999,economy
5000,economy
5001,economy
5002,economy
5003,economy
5004,economy
5005,politics
5006,economy
5007,economy
5008,economy
5009,economy
5010,economy
5011,economy
5012,economy
5013,economy
5014,economy
5015,economy
5016,economy
5017,economy
5018,economy
5019,economy
5020,economy
5021,economy
5022,economy
5023,economy
5024,economy
5025,culture
5026,politics
5027,economy
5028,economy
5029,economy
5030,economy
5031,economy
5032,economy
5033,economy
5034,economy
5035,economy
5036,economy
5037,economy
5038,economy
5039,economy
5040,economy
5041,economy
5042,economy
5043,culture
5044,economy
5045,economy
5046,economy
5047,economy
5048,economy
5049,economy
5050,economy
5051,economy
5052,politics
5053,health
5054,politics
5055,economy
5056,economy
5057,economy
5058,economy
5059,economy
5060,economy
5061,economy
5062,economy
5063,economy
5064,economy
5065,politics
5066,politics
5067,economy
5068,politics
5069,economy
5070,economy
5071,economy
5072,economy
5073,economy
5074,economy
5075,economy
5076,economy
5077,politics
5078,economy
5079,politics
5080,politics
5081,economy
5082,politics
5083,economy
5084,politics
5085,politics
5086,economy
5087,economy
5088,economy
5089,economy
5090,economy
5091,politics
5092,economy
5093,economy
5094,economy
5095,economy
5096,economy
5097,economy
5098,economy
5099,economy
5100,economy
5101,economy
5102,economy
5103,economy
5104,economy
5105,economy
5106,economy
5107,economy
5108,economy
5109,economy
5110,economy
5111,economy
5112,politics
5113,economy
5114,economy
5115,politics
5116,economy
5117,politics
5118,economy
5119,economy
5120,politics
5121,politics
5122,economy
5123,economy
5124,economy
5125,economy
5126,economy
5127,economy
5128,economy
5129,economy
5130,economy
5131,economy
5132,economy
5133,economy
5134,economy
5135,economy
5136,economy
5137,politics
5138,economy
5139,economy
5140,economy
5141,politics
5142,economy
5143,economy
5144,economy
5145,politics
5146,politics
5147,economy
5148,economy
5149,economy
5150,economy
5151,politics
5152,economy
5153,politics
5154,politics
5155,economy
5156,economy
5157,health
5158,economy
5159,economy
5160,economy
5161,economy
5162,economy
5163,economy
5164,economy
5165,economy
5166,economy
5167,politics
5168,economy
5169,economy
5170,politics
5171,economy
5172,politics
5173,politics
5174,economy
5175,politics
5176,economy
5177,economy
5178,economy
5179,economy
5180,economy
5181,culture
5182,economy
5183,economy
5184,economy
5185,economy
5186,economy
5187,economy
5188,politics
5189,politics
5190,economy
5191,economy
5192,economy
5193,economy
5194,economy
5195,economy
5196,economy
5197,economy
5198,economy
5199,economy
5200,economy
5201,politics
5202,economy
5203,economy
5204,economy
5205,economy
5206,economy
5207,economy
5208,economy
5209,economy
5210,economy
5211,economy
5212,economy
5213,economy
5214,economy
5215,economy
5216,economy
5217,economy
5218,economy
5219,economy
5220,economy
5221,economy
5222,economy
5223,economy
5224,economy
5225,economy
5226,economy
5227,economy
5228,economy
5229,economy
5230,economy
5231,economy
5232,culture
5233,economy
5234,economy
5235,politics
5236,culture
5237,politics
5238,economy
5239,economy
5240,economy
5241,economy
5242,economy
5243,economy
5244,economy
5245,economy
5246,economy
5247,economy
5248,economy
5249,politics
5250,economy
5251,economy
5252,politics
5253,economy
5254,economy
5255,economy
5256,economy
5257,economy
5258,economy
5259,economy
5260,economy
5261,economy
5262,economy
5263,economy
5264,economy
5265,economy
5266,economy
5267,economy
5268,economy
5269,economy
5270,economy
5271,economy
5272,economy
5273,economy
5274,economy
5275,economy
5276,economy
5277,economy
5278,economy
5279,economy
5280,economy
5281,economy
5282,economy
5283,politics
5284,politics
5285,economy
5286,economy
5287,economy
5288,politics
5289,economy
5290,economy
5291,politics
5292,economy
5293,economy
5294,economy
5295,economy
5296,economy
5297,economy
5298,economy
5299,economy
5300,economy
5301,economy
5302,economy
5303,economy
5304,economy
5305,economy
5306,politics
5307,economy
5308,economy
5309,health
5310,economy
5311,economy
5312,economy
5313,economy
5314,economy
5315,economy
5316,economy
5317,economy
5318,economy
5319,economy
5320,economy
5321,economy
5322,economy
5323,economy
5324,economy
5325,economy
5326,economy
5327,economy
5328,economy
5329,economy
5330,economy
5331,economy
5332,economy
5333,economy
5334,economy
5335,economy
5336,economy
5337,economy
5338,economy
5339,economy
5340,economy
5341,economy
5342,economy
5343,economy
5344,economy
5345,economy
5346,economy
5347,economy
5348,politics
5349,economy
5350,economy
5351,economy
5352,economy
5353,economy
5354,economy
5355,economy
5356,economy
5357,economy
5358,economy
5359,economy
5360,economy
5361,economy
5362,economy
5363,economy
5364,economy
5365,economy
5366,economy
5367,economy
5368,economy
5369,politics
5370,culture
5371,economy
5372,economy
5373,economy
5374,economy
5375,economy
5376,economy
5377,economy
5378,health
5379,economy
5380,economy
5381,economy
5382,economy
5383,economy
5384,economy
5385,economy
5386,economy
5387,economy
5388,economy
5389,economy
5390,economy
5391,economy
5392,economy
5393,economy
5394,economy
5395,economy
5396,economy
5397,economy
5398,economy
5399,economy
5400,economy
5401,economy
5402,economy
5403,economy
5404,economy
5405,economy
5406,economy
5407,economy
5408,economy
5409,economy
5410,economy
5411,economy
5412,economy
5413,health
5414,health
5415,health
5416,health
5417,health
5418,health
5419,health
5420,health
5421,health
5422,health
5423,politics
5424,health
5425,health
5426,health
5427,health
5428,health
5429,health
5430,health
5431,health
5432,economy
5433,politics
5434,health
5435,health
5436,health
5437,health
5438,politics
5439,health
5440,health
5441,health
5442,health
5443,health
5444,sports
5445,health
5446,health
5447,health
5448,health
5449,health
5450,economy
5451,culture
5452,health
5453,health
5454,economy
5455,health
5456,politics
5457,economy
5458,health
5459,health
5460,health
5461,health
5462,health
5463,health
5464,health
5465,health
5466,culture
5467,health
5468,health
5469,health
5470,health
5471,health
5472,health
5473,economy
5474,health
5475,health
5476,politics
5477,health
5478,culture
5479,health
5480,health
5481,health
5482,health
5483,health
5484,economy
5485,health
5486,health
5487,politics
5488,health
5489,health
5490,economy
5491,health
5492,health
5493,health
5494,health
5495,health
5496,politics
5497,health
5498,economy
5499,health
5500,health
5501,economy
5502,politics
5503,health
5504,politics
5505,health
5506,health
5507,health
5508,politics
5509,health
5510,health
5511,health
5512,health
5513,health
5514,health
5515,health
5516,health
5517,politics
5518,health
5519,health
5520,health
5521,health
5522,health
5523,health
5524,health
5525,health
5526,health
5527,health
5528,health
5529,politics
5530,economy
5531,health
5532,health
5533,health
5534,health
5535,health
5536,health
5537,health
5538,health
5539,health
5540,health
5541,health
5542,health
5543,health
5544,politics
5545,health
5546,culture
5547,health
5548,health
5549,economy
5550,health
5551,economy
5552,economy
5553,politics
5554,health
5555,health
5556,health
5557,politics
5558,health
5559,economy
5560,health
5561,health
5562,health
5563,health
5564,health
5565,health
5566,economy
5567,health
5568,health
5569,health
5570,health
5571,economy
5572,economy
5573,health
5574,health
5575,health
5576,politics
5577,health
5578,health
5579,culture
5580,health
5581,economy
5582,health
5583,health
5584,health
5585,health
5586,none
5587,politics
5588,health
5589,health
5590,health
5591,health
5592,health
5593,health
5594,health
5595,health
5596,health
5597,health
5598,health
5599,health
5600,health
5601,health
5602,health
5603,health
5604,health
5605,health
5606,health
5607,health
5608,health
5609,health
5610,politics
5611,health
5612,culture
5613,health
5614,health
5615,health
5616,health
5617,health
5618,health
5619,health
5620,health
5621,health
5622,health
5623,health
5624,health
5625,economy
5626,health
5627,health
5628,health
5629,health
5630,health
5631,health
5632,health
5633,health
5634,health
5635,health
5636,health
5637,health
5638,health
5639,health
5640,culture
5641,health
5642,health
5643,health
5644,health
5645,health
5646,health
5647,health
5648,health
5649,health
5650,health
5651,health
5652,health
5653,health
5654,health
5655,health
5656,health
5657,health
5658,health
5659,culture
5660,health
5661,health
5662,health
5663,health
5664,health
5665,health
5666,health
5667,health
5668,health
5669,health
5670,health
5671,health
5672,health
5673,health
5674,health
5675,health
5676,health
5677,health
5678,health
5679,health
5680,health
5681,health
5682,health
5683,health
5684,health
5685,culture
5686,health
5687,health
5688,health
5689,health
5690,health
5691,health
5692,health
5693,health
5694,health
5695,health
5696,economy
5697,health
5698,health
5699,health
5700,health
5701,health
5702,health
5703,health
5704,health
5705,health
5706,health
5707,health
5708,politics
5709,health
5710,health
5711,health
5712,health
5713,health
5714,health
5715,health
5716,health
5717,health
5718,health
5719,health
5720,health
5721,politics
5722,health
5723,health
5724,health
5725,health
5726,health
5727,health
5728,health
5729,health
5730,health
5731,health
5732,health
5733,health
5734,health
5735,health
5736,health
5737,politics
5738,health
5739,health
5740,culture
5741,health
5742,health
5743,health
5744,health
5745,health
5746,health
5747,health
5748,culture
5749,health
5750,health
5751,economy
5752,health
5753,health
5754,health
5755,health
5756,health
5757,health
5758,health
5759,health
5760,health
5761,health
5762,health
5763,health
5764,health
5765,health
5766,health
5767,health
5768,health
5769,health
5770,health
5771,health
5772,health
5773,politics
5774,politics
5775,health
5776,health
5777,health
5778,health
5779,health
5780,health
5781,sports
5782,health
5783,health
5784,health
5785,health
5786,health
5787,health
5788,health
5789,sports
5790,health
5791,health
5792,health
5793,health
5794,health
5795,health
5796,health
5797,health
5798,health
5799,health
5800,politics
5801,health
5802,health
5803,economy
5804,health
5805,politics
5806,health
5807,culture
5808,health
5809,health
5810,health
5811,health
5812,health
5813,health
5814,health
5815,health
5816,culture
5817,health
5818,health
5819,health
5820,health
5821,health
5822,health
5823,economy
5824,health
5825,health
5826,health
5827,economy
5828,health
5829,health
5830,economy
5831,health
5832,health
5833,health
5834,health
5835,health
5836,health
5837,health
5838,health
5839,health
5840,health
5841,health
5842,health
5843,health
5844,health
5845,health
5846,health
5847,health
5848,health
5849,health
5850,health
5851,health
5852,health
5853,health
5854,health
5855,politics
5856,health
5857,health
5858,culture
5859,health
5860,health
5861,health
5862,health
5863,culture
5864,health
5865,health
5866,health
5867,health
5868,economy
5869,health
5870,culture
5871,politics
5872,health
5873,health
5874,culture
5875,health
5876,health
5877,health
5878,health
5879,health
5880,politics
5881,health
5882,health
5883,health
5884,health
5885,health
5886,health
5887,health
5888,health
5889,health
5890,health
5891,health
5892,politics
5893,health
5894,health
5895,health
5896,culture
5897,politics
5898,health
5899,health
5900,health
5901,health
5902,health
5903,health
5904,health
5905,sports
5906,health
5907,health
5908,health
5909,health
5910,health
5911,health
5912,health
5913,politics
5914,health
5915,health
5916,health
5917,health
5918,health
5919,health
5920,health
5921,health
5922,health
5923,health
5924,health
5925,health
5926,health
5927,health
5928,health
5929,health
5930,health
5931,health
5932,health
5933,health
5934,health
5935,health
5936,health
5937,health
5938,health
5939,health
5940,health
5941,health
5942,health
5943,health
5944,culture
5945,health
5946,health
5947,health
5948,health
5949,health
5950,economy
5951,health
5952,health
5953,health
5954,health
5955,economy
5956,health
5957,health
5958,health
5959,health
5960,health
5961,health
5962,health
5963,health
5964,health
5965,health
5966,health
5967,culture
5968,health
5969,health
5970,politics
5971,politics
5972,health
5973,health
5974,health
5975,health
5976,health
5977,health
5978,politics
5979,health
5980,health
5981,health
5982,health
5983,health
5984,politics
5985,health
5986,health
5987,health
5988,health
5989,health
5990,health
5991,health
5992,health
5993,health
5994,health
5995,health
5996,health
5997,politics
5998,health
5999,health
6000,health
6001,health
6002,health
6003,health
6004,health
6005,health
6006,politics
6007,health
6008,health
6009,health
6010,health
6011,health
6012,health
6013,health
6014,politics
6015,health
6016,health
6017,health
6018,health
6019,health
6020,health
6021,politics
6022,health
6023,health
6024,health
6025,health
6026,health
6027,politics
6028,health
6029,politics
6030,health
6031,health
6032,health
6033,health
6034,health
6035,health
6036,health
6037,health
6038,health
6039,health
6040,health
6041,health
6042,health
6043,health
6044,health
6045,health
6046,health
6047,health
6048,health
6049,health
6050,health
6051,politics
6052,health
6053,health
6054,health
6055,culture
6056,health
6057,politics
6058,health
6059,health
6060,health
6061,health
6062,culture
6063,health
6064,health
6065,health
6066,health
6067,health
6068,culture
6069,health
6070,health
6071,health
6072,health
6073,health
6074,health
6075,health
6076,health
6077,health
6078,health
6079,health
6080,health
6081,health
6082,health
6083,health
6084,health
6085,health
6086,health
6087,economy
6088,health
6089,health
6090,health
6091,health
6092,health
6093,health
6094,politics
6095,economy
6096,health
6097,politics
6098,health
6099,health
6100,health
6101,politics
6102,politics
6103,health
6104,health
6105,health
6106,politics
6107,health
6108,health
6109,health
6110,health
6111,health
6112,health
6113,health
6114,health
6115,health
6116,health
6117,politics
6118,health
6119,health
6120,health
6121,economy
6122,health
6123,health
6124,politics
6125,health
6126,health
6127,health
6128,health
6129,health
6130,health
6131,health
6132,health
6133,health
6134,politics
6135,health
6136,politics
6137,health
6138,health
6139,health
6140,health
6141,health
6142,health
6143,health
6144,politics
6145,economy
6146,health
6147,health
6148,health
6149,health
6150,health
6151,politics
6152,health
6153,health
6154,economy
6155,politics
6156,politics
6157,health
6158,health
6159,politics
6160,politics
6161,health
6162,health
6163,health
6164,health
6165,politics
6166,health
6167,health
6168,health
6169,health
6170,health
6171,health
6172,health
6173,health
6174,health
6175,health
6176,health
6177,health
6178,health
6179,health
6180,health
6181,health
6182,health
6183,health
6184,health
6185,health
6186,health
6187,health
6188,health
6189,health
6190,health
6191,health
6192,health
6193,economy
6194,health
6195,health
6196,health
6197,health
6198,politics
6199,health
6200,health
6201,health
6202,culture
6203,health
6204,health
6205,health
6206,health
6207,health
6208,politics
6209,health
6210,culture
6211,health
6212,health
6213,health
6214,health
6215,health
6216,health
6217,health
6218,health
6219,health
6220,health
6221,health
6222,health
6223,health
6224,health
6225,health
6226,health
6227,health
6228,health
6229,economy
6230,health
6231,health
6232,health
6233,culture
6234,health
6235,health
6236,health
6237,health
6238,health
6239,health
6240,health
6241,health
6242,health
6243,health
6244,health
6245,health
6246,health
6247,health
6248,politics
6249,health
6250,health
6251,health
6252,health
6253,health
6254,health
6255,health
6256,health
6257,culture
6258,health
6259,politics
6260,health
6261,health
6262,health
6263,health
6264,health
6265,culture
6266,health
6267,health
6268,health
6269,health
6270,health
6271,culture
6272,health
6273,health
6274,health
6275,culture
6276,health
6277,health
6278,health
6279,politics
6280,health
6281,health
6282,health
6283,health
6284,health
6285,economy
6286,health
6287,culture
6288,health
6289,health
6290,culture
6291,health
6292,health
6293,politics
6294,health
6295,health
6296,health
6297,health
6298,health
6299,health
6300,health
6301,health
6302,health
6303,health
6304,health
6305,health
6306,health
6307,health
6308,health
6309,health
6310,health
6311,health
6312,health
6313,health
6314,health
6315,health
6316,health
6317,health
6318,health
6319,health
6320,health
6321,health
6322,health
6323,health
6324,health
6325,health
6326,health
6327,health
6328,health
6329,health
6330,health
6331,health
6332,health
6333,health
6334,health
6335,health
6336,politics
6337,health
6338,health
6339,health
6340,politics
6341,health
6342,health
6343,health
6344,health
6345,health
6346,health
6347,health
6348,health
6349,health
6350,health
6351,health
6352,health
6353,politics
6354,health
6355,health
6356,politics
6357,health
6358,health
6359,health
6360,health
6361,health
6362,health
6363,health
6364,health
6365,health
6366,health
6367,health
6368,health
6369,health
6370,health
6371,health
6372,politics
6373,health
6374,politics
6375,health
6376,health
6377,health
6378,health
6379,health
6380,health
6381,health
6382,health
6383,culture
6384,health
6385,health
6386,health
6387,health
6388,culture
6389,health
6390,health
6391,health
6392,health
6393,health
6394,health
6395,health
6396,health
6397,health
6398,health
6399,health
6400,health
6401,health
6402,health
6403,politics
6404,health
6405,health
6406,economy
6407,health
6408,health
6409,health
6410,health
6411,politics
6412,health
6413,health
6414,health
6415,health
6416,economy
6417,health
6418,health
6419,health
6420,health
6421,health
6422,health
6423,health
6424,health
6425,health
6426,health
6427,health
6428,health
6429,health
6430,economy
6431,health
6432,health
6433,health
6434,health
6435,health
6436,health
6437,economy
6438,health
6439,health
6440,health
6441,health
6442,health
6443,politics
6444,health
6445,health
6446,health
6447,culture
6448,health
6449,economy
6450,health
6451,health
6452,health
6453,health
6454,health
6455,health
6456,health
6457,health
6458,health
6459,health
6460,health
6461,economy
6462,health
6463,health
6464,health
6465,health
6466,health
6467,health
6468,health
6469,health
6470,health
6471,health
6472,health
6473,health
6474,health
6475,health
6476,health
6477,health
6478,health
6479,health
6480,health
6481,health
6482,health
6483,health
6484,health
6485,health
6486,health
6487,health
6488,health
6489,economy
6490,health
6491,health
6492,health
6493,health
6494,none
6495,health
6496,health
6497,health
6498,health
6499,health
6500,health
6501,health
6502,health
6503,health
6504,health
6505,health
6506,health
6507,politics
6508,health
6509,health
6510,health
6511,health
6512,politics
6513,health
6514,health
6515,culture
6516,health
6517,health
6518,health
6519,health
6520,health
6521,health
6522,health
6523,health
6524,health
6525,health
6526,health
6527,politics
6528,health
6529,health
6530,health
6531,health
6532,sports
6533,health
6534,politics
6535,health
6536,health
6537,health
6538,politics
6539,health
6540,health
6541,health
6542,health
6543,politics
6544,health
6545,health
6546,health
6547,health
6548,health
6549,health
6550,health
6551,health
6552,health
6553,health
6554,health
6555,health
6556,health
6557,health
6558,health
6559,health
6560,health
6561,health
6562,health
6563,health
6564,health
6565,health
6566,health
6567,health
6568,health
6569,health
6570,health
6571,health
6572,health
6573,health
6574,health
6575,health
6576,health
6577,health
6578,health
6579,health
6580,health
6581,health
6582,health
6583,health
6584,health
6585,health
6586,health
6587,health
6588,health
6589,health
6590,health
6591,health
6592,health
6593,health
6594,health
6595,health
6596,health
6597,health
6598,health
6599,health
6600,health
6601,health
6602,health
6603,health
6604,health
6605,health
6606,health
6607,health
6608,politics
6609,health
6610,politics
6611,health
6612,health
6613,health
6614,health
6615,health
6616,health
6617,health
6618,health
6619,health
6620,health
6621,health
6622,health
6623,health
6624,health
6625,health
6626,health
6627,health
6628,health
6629,health
6630,economy
6631,health
6632,economy
6633,health
6634,health
6635,health
6636,health
6637,health
6638,health
6639,politics
6640,health
6641,health
6642,health
6643,health
6644,health
6645,politics
6646,health
6647,health
6648,health
6649,health
6650,health
6651,health
6652,health
6653,health
6654,health
6655,health
6656,health
6657,health
6658,health
6659,health
6660,health
6661,health
6662,health
6663,health
6664,health
6665,health
6666,health
6667,health
6668,health
6669,health
6670,health
6671,health
6672,health
6673,health
6674,health
6675,health
6676,economy
6677,health
6678,health
6679,economy
6680,health
6681,health
6682,health
6683,health
6684,health
6685,health
6686,health
6687,health
6688,health
6689,health
6690,health
6691,health
6692,health
6693,health
6694,health
6695,health
6696,health
6697,health
6698,health
6699,health
6700,health
6701,health
6702,health
6703,health
6704,health
6705,health
6706,health
6707,health
6708,health
6709,health
6710,health
6711,health
6712,health
6713,health
6714,health
6715,culture
6716,economy
6717,health
6718,health
6719,health
6720,economy
6721,health
6722,health
6723,health
6724,health
6725,health
6726,health
6727,health
6728,health
6729,health
6730,health
6731,health
6732,health
6733,economy
6734,politics
6735,health
6736,politics
6737,health
6738,health
6739,health
6740,health
6741,health
6742,health
6743,health
6744,politics
6745,health
6746,politics
6747,health
6748,health
6749,health
6750,health
6751,health
6752,health
6753,health
6754,health
6755,health
6756,health
6757,health
6758,health
6759,health
6760,health
6761,health
6762,health
6763,health
6764,health
6765,health
6766,health
6767,health
6768,health
6769,health
6770,health
6771,health
6772,health
6773,health
6774,health
6775,health
6776,health
6777,health
6778,health
6779,health
6780,health
6781,health
6782,health
6783,health
6784,health
6785,health
6786,health
6787,health
6788,health
6789,health
6790,health
6791,health
6792,health
6793,health
6794,health
6795,health
6796,health
6797,health
6798,health
6799,health
6800,health
6801,health
6802,health
6803,health
6804,health
6805,health
6806,health
6807,health
6808,health
6809,health
6810,health
6811,health
6812,health
6813,health
6814,health
6815,health
6816,health
6817,health
6818,health
6819,health
6820,health
6821,health
6822,health
6823,health
6824,health
6825,health
6826,health
6827,health
6828,health
6829,health
6830,health
6831,health
6832,health
6833,health
6834,health
6835,health
6836,health
6837,health
6838,health
6839,health
6840,health
6841,health
6842,health
6843,health
6844,health
6845,health
6846,health
6847,health
6848,health
6849,health
6850,health
6851,health
6852,health
6853,culture
6854,health
6855,health
6856,health
6857,health
6858,health
6859,health
6860,economy
6861,health
6862,health
6863,health
6864,health
6865,health
6866,health
6867,health
6868,health
6869,health
6870,health
6871,health
6872,health
6873,health
6874,politics
6875,health
6876,health
6877,health
6878,health
6879,health
6880,politics
6881,health
6882,health
6883,health
6884,health
6885,health
6886,health
6887,health
6888,health
6889,health
6890,health
6891,health
6892,health
6893,health
6894,health
6895,health
6896,health
6897,health
6898,health
6899,health
6900,health
6901,health
6902,health
6903,health
6904,health
6905,health
6906,health
6907,health
6908,health
6909,health
6910,health
6911,health
6912,health
6913,health
6914,health
6915,health
6916,health
6917,health
6918,health
6919,culture
6920,health
6921,health
6922,health
6923,health
6924,health
6925,health
6926,health
6927,health
6928,health
6929,health
6930,health
6931,health
6932,health
6933,health
6934,health
6935,health
6936,health
6937,health
6938,health
6939,health
6940,health
6941,health
6942,health
6943,health
6944,health
6945,health
6946,health
6947,health
6948,health
6949,health
6950,health
6951,health
6952,health
6953,health
6954,health
6955,health
6956,health
6957,health
6958,health
6959,health
6960,health
6961,health
6962,health
6963,health
6964,health
6965,health
6966,health
6967,health
6968,health
6969,health
6970,health
6971,health
6972,health
6973,health
6974,health
6975,health
6976,health
6977,health
6978,health
6979,health
6980,health
6981,health
6982,health
6983,health
6984,health
6985,economy
6986,health
6987,health
6988,economy
6989,health
6990,health
6991,economy
6992,health
6993,health
6994,economy
6995,health
6996,health
6997,health
6998,culture
6999,health
7000,health
